REAL_1;REAL_2;REAL_3;TITRE_ORGINAL;TITRE_FRANCAIS;ANNEE;NOTE;GENRE_1;GENRE_2;GENRE_3;GENRE_4;DATE_AJOUT;DATE_FIN
;;;ready player one;;2018;4;;;;;28/07/2018;
;;;tully;;2018;4;;;;;02/06/2018;
;;;Joint Security Area;;2000;4;;;;;01/06/2018;
;;;Le Labyrinthe  Le RemËde mortel;;2014;3;;;;;08/06/2018;
;;;hostile;;2017;3;;;;;05/06/2018;
;;;mustang;;2015;3;;;;;21/05/2018;
;;;la vie dadËle;;2013;3;;;;;16/05/2018;
;;;le brio;;2017;4;;;;;20/04/2018;
;;;the commuter;;2018;3;;;;;19/04/2018;
;;;phantom thread;;2017;1;;;;;18/04/2018;
;;;molly game;;2017;2;;;;;16/04/2018;
;;;annhilation;;2018;1;;;;;15/04/2018;
;;;run all night;;2015;3;;;;;14/04/2018;
;;;ensemble cest tout;;2007;4;;;;;12/04/2018;
isao TAKAHATA;;;Hotaru no haka;Le Tombeau des lucioles†;1988;4;animation;drame;guerre;;09/04/2018;01-janv-00
craig GILLESPIE;;;i tonya;Moi, Tonya;2017;4;drame;biopic;comedie;;27/03/2018;01-janv-00
taika WAITITI;;;thor ragnarok;Thor†: Ragnarok;2017;1;action;science fiction;;;26/03/2018;01-janv-00
guillermo DEL TORO;;;the shape of water;La Forme de l'eau†;2017;3;fantastique;drame;romance;;25/03/2017;01-janv-00
olivier MARCHAL;;;carbone;carbone;2017;3;policier;;;;24/03/2018;01-janv-00
john DAL;;;rounders;les joueurs;1998;3;comedie dramatique;;;;22/03/2018;01-janv-00
janus METZ PEDERSEN;;;Borg McEnroe;Borg/McEnroe;2017;4;biopic;drame;;;23/03/2017;01-janv-00
pedro ALMODOVAR;;;La piel que habito;La piel que habito;2011;3;thriller;drame;;;18/03/2018;01-janv-00
rian JOHNSON;;;Star Wars Episode VIII ñ The Last Jedi;"Star Wars, Èpisode VIII :
Les Derniers Jedi";2017;2;science fiction;action;;;16-mars;01-janv-00
george TILLMAN JR.;;;notorious;notorious BIG;2009;3;biopic;drame;musical;;14/03/2018;01-janv-00
MAIWENN;;;polisse;polisse;2011;5;drame;;;;22/02/2018;01-janv-00
eric TOLEDANO;olivier NAKACHE;;le sens de la fÍte;le sens de la fÍte;2017;2;comÈdie;;;;18/02/2018;01-janv-00
joseph KOSINSKI;;;only the brave;only the brave;2017;4;drame;biopic;;;11/02/2018;01-janv-00
stephen CHBOSKY;;;wonder;wonder;2017;4;drame;famille;;;10/02/2018;01-janv-00
dorota KOBIELA;hugh WELCHMAN;;loving vincent;la passion van gogh;2017;3;animation;biopic;;;09/02/2018;01-janv-00
olivier STONE;;;wall street;wall street;1987;2;drame;;;;08/02/2018;01-janv-00
johnatan DAYTON;valerie FARIS;;battles of sexes;battles of sexes;2017;3;biopic;drame;comÈdie;;27/01/2018;01-janv-00
fiona GORDON;dominique ABEL;;Paris pieds nus;Paris pieds nus;2016;1;comÈdie;;;;24/01/2018;01-janv-00
robin CAMPILLIO;;;120 battements par minute;120 battements par minute;2017;1;drame;;;;23/01/2018;01-janv-00
martin CAMPBELL;;;the foreigner;the foreigner;2017;4;thriller;action;;;14/01/2018;01-janv-00
denis VILLENEUVE;;;blade runner 2049;blade runner 2049;2017;4;science fiction;thriller;;;14/01/2018;01-janv-00
todd PHILLIPS;;;very bad trip;very bad trip;2009;4;comedie;;;;13/01/2018;01-janv-00
grand corps malade;mehdi DIR;;patients;patients;2016;4;drame;comedie;;;13/01/2018;01-janv-00
dan KWAN;†daniel SCHEINERT;;Swiss Army Man;Swiss Army Man;2016;2;comedie dramatique;;;;10/01/2018;01-janv-00
emmanuel COURCOL;;;Cessez le feu;Cessez le feu;2016;3;drame;;;;09/01/2018;01-janv-00
alain CHABAT;;;RRRrrrr;RRRrrrr!!!;2004;3;comedie;;;;06-janv-18;01-janv-00
peter DOCTER;;;monsters Inc;Monstres et Cie;2001;3;animation;comedie;famille;;01-janv-18;01-janv-00
yann SAMUELL;;;jeux díenfants;jeux díenfants;2003;2;romance;comÈdie;drame;;28DEC2017;01-janv-00
micheal BAY;;;no pain no gain;no pain no gain;2013;1;action;drame;comÈdie;;25DEC2017;01-janv-00
 robert ZEMECKIS;;; Back To The Future;retour vers le futur;1985;1;science fiction;aventure;comedie;;23DEC2017;01-janv-00
tim BURTON;;;big fish;big fish;2004;3;comedie dramatique;aventure;;;24DEC2017;01-janv-00
martin SCORSESE;;;the departed;les infiltrÈs;2006;4;policier;drame;thriller;;17DEC2017;01-janv-00
david WNENDT;;;er ist wieder da;il est de retour;2015;3;comedie;;;;05DEC2017;01-janv-00
curtis HANSON;;;8 mile;8 mile;2002;3;drame;musical;;;10DEC2017;01-janv-00
david WNENDT;;;er ist wieder da;il est de retour;2015;3;comedie;;;;05DEC2017;01-janv-00
makoto SINKAI;;;kimi no na wa;your name;2016;2;animation;drame;romance;fantastique;24-nov-17;01-janv-00
taylor SHERIDAN;;;wind river;wind river;2017;4;thriller;drame;;;20-nov-17;01-janv-00
kim SEONG-HOON;;;tunnel;tunnel;2016;2;drame;thriller;;;09-nov-17;01-janv-00
matt REEVES;;;war for the planet of the apes;la planËte des singes : suprÈmatie;2017;3;science fiction;action;aventure;;07-nov-17;01-janv-00
martin ZANDVLIET;;;unter dem sand;les oubliÈs;2015;5;historique;drame;guerre;;29-oct-17;01-janv-00
catherine CORSINI;;;la belle saison;la belle saison;2015;3;drame;romance;;;08-oct-17;01-janv-00
robert SCHWENTKE;;;insurgent;divergente 2 : l'insurrection;2015;1;science fiction;action;;;07-oct-17;01-janv-00
edgar WRIGHT;;;baby driver;baby driver;2017;4;action;policier;comedie;;07-oct-17;01-janv-00
rÈmy BELVAUX;andre BONZEL;benoit POELVOORDE;cest arrivÈ prËs de chez vous;c'est arrivÈ prËs de chez vous;1992;5;comedie;policier;;;04-oct-17;01-janv-00
joachim RONNING;espen SANDBERG;;pirates of the caribbean dead men tell no tales;pirates des caraÔbes : la vengeance de salazar;2017;2;aventure;action;fantastique;;02-oct-17;01-janv-00
"	Tony ILROY";;;the bourne legacy;jason bourne : l'hÈritage;2012;1;espionnage;action;thriller;;15-oct-17;01-janv-00
akira KUROSAWA;ishiro HONDA;;kagemusha;kagemusha, l'ombre du guerrier;1980;2;historique;drame;guerre;;17-oct-17;01-janv-00
kevin REYNOLDS;;;robin hood prince of thieves;robin des bois, prince des voleurs;2010;1;aventure;;;;20-sept-17;01-janv-00
marius HOLST;;;kongen av bastoy;les rÈvoltÈs de l'Óle du diable;2010;3;drame;;;;20-sept-17;01-janv-00
ridley SCOTT;;;thelma and louise;thelma et louise;1991;4;comedie dramatique;aventure;thriller;action;19-sept-17;01-janv-00
olivier VAN HOOFSTADT;;;dikkenek;dikkenek;2016;5;comedie;;;;16-sept-17;01-janv-00
oriol PAULO;;;the invisible guest;the invisible guest;2016;4;policier;thriller;;;07-sept-17;01-janv-00
patty JEKINS;;;wonder woman;wonder woman;2017;1;action;aventure;fantastique;;09-sept-17;01-janv-00
bogdan MIRICA;;;caini;dogs;2016;2;drame;thriller;;;02-sept-17;01-janv-00
stephen GAGHAN;;;gold;gold;2016;2;drame;aventure;thriller;;02-sept-17;01-janv-00
luc BESSON;;;valÈrian et la cite des mille planetes;valÈrian et la cite des mille planetes;2017;3;science fiction;aventure;action;;18AUG2017;01-janv-00
christopher NOLAN;;;dunkirk;dunkerque;2017;4;guerre;historique;drame;;07AUG2017;01-janv-00
guy RITCHIE;;;king arthur legend of the sword;le roi arthur : la lÈgende d'excalibur;2017;3;action;aventure;fantastique;;10AUG2017;01-janv-00
julia DUCOURNAU;;;grave;grave;2017;3;epouvante-horreur;drame;;;31-juil-17;01-janv-00
cedric KLAPISCH;;;ce qui nous lie;ce qui nous lie;2017;3;drame;comedie;;;09-juil-17;01-janv-00
francis LAWRENCE;;;water for elephants;de l'eau pour les ÈlÈphants;2011;3;drame;historique;;;26-juin-17;01-janv-00
Christian DUGUAY;;;un sac de billes;un sac de billes;2017;3;drame;;;;26-juin-17;01-janv-00
john HILLCOAT;;;lawless;des hommes sans loi;2012;3;drame;action;western;;20-juin-17;01-janv-00
clint EASTWOOD;;;flags of our fathers;mÈmoires de nos pËres;2006;3;guerre;drame;;;19-juin-17;01-janv-00
scott COOPER;;;crazy heart;crazy heart;2009;3;drame;musical;romance;;14-juin-17;01-janv-00
chad STAHELSKI;;;john wick chapter 2;john wick 2;2017;3;action;;;;12-juin-17;01-janv-00
volker SCHLONDORFF;;;diplomatie;diplomatie;2014;4;historique;drame;;;13-juin-17;01-janv-00
jacques AUDIARD;;;un prophËte;un prophËte;2009;3;policier;drame;;;12-juin-17;01-janv-00
david MICHOD;;;animal kingdom;animal kingdom;2010;3;drame;;;;10-juin-17;01-janv-00
michel GONDRY;;;la science des reves;la science des reves;2006;1;comedie;fantastique;romance;;06-juin-17;01-janv-00
jerome SALLE;;;zulu;zulu;2013;3;policier;;;;01-juin-17;01-janv-00
wes ANDERSON;;;fantastic mr fox;fantastic mr. fox;2009;5;animation;aventure;comedie;;03-juin-17;01-janv-00
shane BLACK;;;kiss kiss bang bang;kiss kiss bang bang;2005;4;policier;comedie;;;04-juin-17;01-janv-00
alan PARKER;;;the wall;the wall;1982;5;drame;musical;;;03-juin-17;01-janv-00
darren ARONOFSKY;;;the fountain;the fountain;2006;2;science fiction;romance;fantastique;drame;29MAY2017;01-janv-00
neil BURGER;;;the illusionist;l'illusionniste;2006;3;drame;thriller;fantastique;;30MAY2017;01-janv-00
jordan PEELE;;;get out;get out;2017;4;thriller;;;;26MAY2017;01-janv-00
james MANGOLD;;;logan;logan;2017;4;action;science fiction;aventure;;23MAY2017;01-janv-00
Hirokazu KORE-EDA;;;umimachi diary;notre petite súur;2015;4;drame;;;;21MAY2017;01-janv-00
todd HAYNES;;;carol;carol;2015;3;drame;romance;;;13MAY2017;01-janv-00
budd BOETTICHER;;;seven men from now;sept hommes ‡ abattre;1956;1;western;;;;11MAY2017;01-janv-00
asghar FARHADI;;;djodaÔyÈ nader az simin;une sÈparation;2011;4;drame;;;;08MAY2017;01-janv-00
nancy MEYERS;;;the intern;le nouveau stagiaire;2015;4;comedie;;;;09MAY2017;01-janv-00
jay ROACH;;;trumbo;dalton trumbo;2015;4;biopic;drame;;;29APR2017;01-janv-00
tim ROBBINS;;;dead man walking;la derniËre marche;1995;4;drame;;;;02MAY2017;01-janv-00
alejandro AMENABAR;;;the others;les autres;2001;2;fantastique;drame;epouvante-horreur;;28APR2017;01-janv-00
tom HOOPER;;;the danish girl;the danish girl;2016;3;drame;biopic;;;27APR2017;01-janv-00
lasse HALLSTROM;;;hachiko  a dogs story;hatchi;2008;3;drame;;;;25APR2017;01-janv-00
ken LOACH;;;i daniel blake;moi, daniel blake;2016;2;drame;;;;26APR2017;01-janv-00
gilles LEGRAND;;;tu seras mon fils;tu seras mon fils;2011;4;drame;;;;23APR2017;01-janv-00
damien CHAZELLE;;;la la land;la la land;2017;4;comedie musicale;romance;;;22APR2017;01-janv-00
jonathan DAYTON;valerie FARIS;;ruby sparks;elle s appelle ruby;2012;4;comedie;fantastique;romance;;19APR2017;01-janv-00
martin BOURBOULON;;;papa ou maman 2;papa ou maman 2;2016;3;comedie;;;;18APR2017;01-janv-00
john CARNEY;;;sing street;sing street;2016;4;comedie dramatique;musical;;;15APR2017;01-janv-00
yan ENGLAND;;;00:00;01:54;2016;4;drame;;;;16APR2017;01-janv-00
james GRAY;;;the lost city of z;the lost city of z;2017;3;aventure;;;;09APR2017;01-janv-00
m. night SHYAMALAN;;;split;split;2016;4;thriller;fantastique;epouvante-horreur;;09APR2017;01-janv-00
john STURGES;;;the magnificent seven;les sept mercenaires;1960;2;western;;;;04APR2017;01-janv-00
hugo GELIN;;;demain tout commence;demain tout commence;2016;4;comedie;drame;;;02APR2017;01-janv-00
theodore MELFI;;;hidden figures;les figures de l'ombre;2017;4;drame;biopic;;;01APR2017;01-janv-00
john MUSKER;ron CLEMENTS;;moana;vaiana la lÈgende du bout du monde;2016;3;americain;famille;aventure;;01APR2017;01-janv-00
park CHAN-WOOK;;;mademoiselle;mademoiselle;2016;4;drame;romance;thriller;;28-mars-17;01-janv-00
gareth EDWARDS;;;rogue one a star wars story;rogue one a star wars story;2016;3;science fiction;aventure;action;;26-mars-17;01-janv-00
tim BURTON;;;miss peregrines home for peculiar children;miss peregrine et les enfants particuliers;2016;4;aventure;famille;fantastique;;26-mars-17;01-janv-00
martin SCORSESE;;;silence;silence;2016;4;drame;historique;;;26-mars-17;01-janv-00
antoine FUQUA;;;the magnificent seven;les sept mercenaires;2016;3;western;action;aventure;;25-mars-17;01-janv-00
denzel WASHINGTON;;;fences;fences;2016;4;drame;;;;23-mars-17;01-janv-00
peter BERG;;;deepwater horizon;deepwater;2016;4;drame;action;;;22-mars-17;01-janv-00
juan antonio BAYONA;;;a monster call;quelques minutes aprËs minuit;2016;3;fantastique;drame;;;20-mars-17;01-janv-00
denis VILLENEUVE;;;arrival;premier contact;2016;3;science fiction;;;;21-mars-17;01-janv-00
clint EASTWOOD;;;sully;sully;2016;3;biopic;drame;;;19-mars-17;01-janv-00
david YATES;;;fantastic beasts and where to find them;les animaux fantastiques;2016;3;fantastique;aventure;;;19-mars-17;01-janv-00
mel GIBSON;;;hacksaw ridge;tu ne tueras point;2016;4;drame;guerre;biopic;;18-mars-17;01-janv-00
jean-marc VALLEE;;;crazy;c.r.a.z.y.;2005;3;drame;;;;15-mars-17;01-janv-00
duncan JONES;;;warcraft;warcraft le commencement;2016;3;fantastique;action;aventure;;13-mars-17;01-janv-00
sang-ho YEON;;;dernier train pour busan;dernier train pour busan;2016;2;action;epouvante-horreur;thriller;;10-mars-17;01-janv-00
david FRANKEL;;;collateral beauty;beaute cachee;2016;5;drame;;;;08-mars-17;01-janv-00
morten TYLDUM;;;passengers;passengers;2016;5;science fiction;romance;action;;07-mars-17;01-janv-00
gavin O CONNOR;;;the accountant;mr. wolf;2016;4;action;thriller;drame;;04-mars-17;01-janv-00
danny BOYLE;;;trainspotting 2;trainspotting 2;2017;2;drame;comedie;;;02-mars-17;01-janv-00
garth DAVIS;;;lion;lion;2016;3;biopic;drame;aventure;;17FEB2017;01-janv-00
dexter FLETCHER;;;eddie the eagle;eddie the eagle;2016;4;comedie dramatique;biopic;;;05FEB2017;01-janv-00
dean DEBLOIS;;;how to train your dragon 2;dragons 2;2014;4;animation;aventure;famille;;05FEB2017;01-janv-00
nikolaj ARCEl;;;liaison royale;royal affair;2012;3;historique;drame;romance;;05FEB2017;01-janv-00
yves ROBERT;;;alexandre le bienheureux;alexandre le bienheureux;1968;2;comedie;;;;15-janv-17;01-janv-00
alexandre DE LA PLATELLIERE;matthieu DELAPORTE;;le prenom;le prenom;2012;4;comedie;;;;08-janv-17;01-janv-00
stephen BRADLEY;;;nobre;christina noble;2015;4;drame;biopic;;;03-janv-17;01-janv-00
KHEIRON;;;nous trois ou rien;nous trois ou rien;2015;3;comedie dramatique;;;;03-janv-17;01-janv-00
alan j. PAKULA;;;all the presidents men;les hommes du prÈsident;1976;3;drame;policier;;;01-janv-17;01-janv-00
boaz YAKIN;;;fresh;fresh;1994;3;drame;;;;30DEC2016;01-janv-00
xavier DOLAN;;;mommy;mommy;2014;5;drame;;;;30DEC2016;01-janv-00
oliver STONE;;;snowden;snowden;2016;3;thriller;biopic;;;31DEC2016;01-janv-00
gavin O CONNOR;;;warrior;warrior;2011;3;action;drame;;;30DEC2016;01-janv-00
yojiro TAKITA;;;okuribito;departures;2008;3;drame;;;;30DEC2016;01-janv-00
sergio LEONE;;;il buono il brutto il cattivo;le bon la brute et le truand;1966;3;western;;;;30DEC2016;01-janv-00
brad BIRD;;;the iron giant;le geant de fer;1999;3;animation;action;aventure;science fiction;30DEC2016;01-janv-00
richard CURTIS;;;the boat that rocked;good morning englant;2009;4;comedie;romance;musical;;30DEC2016;01-janv-00
clive BARKER;;;hellraiser;hellraiser : le pacte;1987;3;epouvante-horreur;;;;30DEC2016;01-janv-00
francis LAWRENCE;;;the hunger games catching fire;hunger games : l'embrasement;2013;4;action;drame;science fiction;;30DEC2016;01-janv-00
francis LAWRENCE;;;the hunger games mockingjay  part 1;hunger games : la revolte;2014;2;action;drame;science fiction;;30DEC2016;01-janv-00
francis LAWRENCE;;;the hunger games mockingjay  part 2;hunger games : la revolte;2015;2;action;drame;science fiction;;30DEC2016;01-janv-00
abderrahmane SISSAKO;;;timbuktu;timbuktu;2014;3;drame;;;;30DEC2016;01-janv-00
abel FERRARA;;;bad lieutenant;bad lieutenant;1992;2;drame;policier;;;30DEC2016;01-janv-00
jim SHERIDAN;;;in the name of the father;au nom du p√®re;1993;3;drame;;;;30DEC2016;01-janv-00
victor FLEMING;;;gone with the wind;autant en emporte le vent;1939;3;drame;guerre;;;06-mars-17;01-janv-00
alan TAYLOR;;;thor the dark world;thor : le monde des ten√®bres;2013;2;action;aventure;fantastique;;30DEC2016;01-janv-00
albert DUPONTEL;;;bernie;bernie;1996;3;comedie dramatique;;;;30DEC2016;01-janv-00
alberto RODR√çGUEZ;;;la isla minima;la isla minima;2014;4;policier;;;;30DEC2016;01-janv-00
alejandro gonzalez INAÅRRITU;;;babel;babel;2006;4;drame;thriller;;;30DEC2016;01-janv-00
alejandro gonzalez INAÅRRITU;;;birdman or the unexpected virtue of ignorance;birdman ou (la surprenante vertu de l'ignorance);2014;3;comedie;drame;;;30DEC2016;01-janv-00
alejandro gonzalez INAÅRRITU;;;the revenant;the revenant;2015;4;aventure;western;;;30DEC2016;01-janv-00
alex GARLAND;;;ex machina;ex machina;2015;3;science fiction;;;;30DEC2016;01-janv-00
alexandre ARCADY;;;ce que le jour doit a la nuit;ce que le jour doit a la nuit;2012;3;drame;historique;romance;;30DEC2016;01-janv-00
alfonso CUARON;;;gravity;gravity;2013;4;science fiction;;;;30DEC2016;01-janv-00
percy ADLON;;;out of rosenheim;bagdad cafe;1987;3;comedie dramatique;;;;30DEC2016;01-janv-00
stanley KUBRICK;;;barry lyndon;barry lyndon;1975;2;aventure;drame;science fiction;;30DEC2016;01-janv-00
alfred HITCHCOCK;;;psycho;psychose;1960;3;epouvante-horreur;thriller;;;30DEC2016;01-janv-00
andrea DI STEFANO;;;escobar paradise lost;paradise lost;2014;3;romance;thriller;;;30DEC2016;01-janv-00
andrew DAVIS;;;the fugitive;le fugitif;1993;3;action;drame;thriller;;30DEC2016;01-janv-00
andrew NICCOL;;;lord of war;lord of war;2005;4;action;drame;thriller;;30DEC2016;01-janv-00
ang LEE;;;life of pi;l'odyssee de pi;2012;4;aventure;drame;;;30DEC2016;01-janv-00
angelina JOLIE;;;unbroken;invincible;2014;4;biopic;drame;guerre;;30DEC2016;01-janv-00
anthony MINGHELLA;;;the english patient;le patient anglais;1996;3;comedie dramatique;;;;30DEC2016;01-janv-00
antoine FUQUA;;;the equalizer;equalizer;2014;4;action;policier;thriller;;30DEC2016;01-janv-00
kimberly PEIRCE;;;boys dont cry;boys don't cry;1999;3;drame;;;;30DEC2016;01-janv-00
anton CORBIJN;;;control the ian curtis film;control;2007;5;biopic;drame;musical;;30DEC2016;01-janv-00
ava DUVERNAY;;;selma;selma;2014;4;biopic;drame;historique;;30DEC2016;01-janv-00
baltasar KORM√ÅKUR;;;everest;everest;2015;3;aventure;;;;30DEC2016;01-janv-00
barry LEVINSON;;;good morning vietnam;good morning vietnam;1987;3;comedie;drame;guerre;;30DEC2016;01-janv-00
barry LEVINSON;;;rain man;rain man;1988;4;comedie dramatique;;;;30DEC2016;01-janv-00
barry LEVINSON;;;sleepers;sleepers;1996;4;drame;policier;thriller;;30DEC2016;01-janv-00
ben AFFLECK;;;the town;the town;2010;3;drame;thriller;;;30DEC2016;01-janv-00
ben AFFLECK;;;argo;argo;2012;4;drame;historique;thriller;;30DEC2016;01-janv-00
ben STILLER;;;the secret life of walter mitty;la vie revee de walter mitty;2013;3;aventure;comedie dramatique;;;30DEC2016;01-janv-00
bennett MILLER;;;foxcatcher;foxcatcher;2014;3;biopic;drame;;;30DEC2016;01-janv-00
brad ANDERSON;;;the machinist;the machinist;2005;3;thriller;;;;30DEC2016;01-janv-00
brad ANDERSON;;;the call;the call;2013;4;action;thriller;;;30DEC2016;01-janv-00
brad ANDERSON;;;eliza graves;stonehearst asylum;2014;3;thriller;;;;30DEC2016;01-janv-00
brian DE PALMA;;;the untouchables;les incorruptibles;1987;4;policier;;;;30DEC2016;01-janv-00
brian PERCIVAL;;;the book thief;la voleuse de livres;2013;3;drame;;;;30DEC2016;01-janv-00
bryan SINGER;;;the usual suspects;usual suspects;1995;5;policier;thriller;;;30DEC2016;01-janv-00
bryan SINGER;;;xmen days of future past;x-men: days of future past;2014;4;action;science fiction;;;30DEC2016;01-janv-00
byron HOWARD;jared BUSH;rich MOORE;zootopia;zootopia;2016;5;animation;comedie;famille;;30DEC2016;01-janv-00
cary FUKUNAGA;;;sin nombre;sin nombre;2009;3;thriller;;;;30DEC2016;01-janv-00
stephen BRADLEY;;;noble;christina noble;2015;4;biopic;drame;historique;;30DEC2016;01-janv-00
cedric JIMENEZ;;;la french;la french;2014;4;action;policier;thriller;;30DEC2016;01-janv-00
cedric KLAPISCH;;;lauberge espagnole;l'auberge espagnole;2001;4;comedie;;;;30DEC2016;01-janv-00
cedric KLAPISCH;;;les poupees russes;les poupees russes;2005;4;comedie;;;;30DEC2016;01-janv-00
cedric KLAPISCH;;;cassetete chinois;casse-tete chinois;2013;4;comedie dramatique;romance;;;30DEC2016;01-janv-00
chris COLUMBUS;;;mrs doubtfire;madame doubtfire;1993;4;comedie;drame;;;30DEC2016;01-janv-00
chris COLUMBUS;;;harry potter and the chamber of secrets;harry potter et la chambre des secrets;2002;4;fantastique;;;;30DEC2016;01-janv-00
christopher NOLAN;;;memento;memento;2000;5;thriller;;;;30DEC2016;01-janv-00
christopher NOLAN;;;insomnia;insomnia;2002;3;policier;thriller;;;30DEC2016;01-janv-00
christopher NOLAN;;;the prestige;le prestige;2006;4;drame;fantastique;thriller;;30DEC2016;01-janv-00
christopher NOLAN;;;inception;inception;2010;5;science fiction;thriller;;;30DEC2016;01-janv-00
christopher NOLAN;;;interstellar;interstellar;2014;4;drame;science fiction;;;30DEC2016;01-janv-00
clint EASTWOOD;;;a perfect world;un monde parfait;1993;4;policier;;;;30DEC2016;01-janv-00
clint EASTWOOD;;;the bridges of madison county;sur la route de madison;1995;3;drame;romance;;;30DEC2016;01-janv-00
clint EASTWOOD;;;million dollar baby;million dollar baby;2004;4;drame;;;;30DEC2016;01-janv-00
clint EASTWOOD;;;letters from iwo jima;lettres d'iwo jima;2006;4;guerre;;;;30DEC2016;01-janv-00
clint EASTWOOD;;;changeling;l'echange;2007;4;drame;thriller;;;30DEC2016;01-janv-00
clint EASTWOOD;;;jersey boys;jersey boys;2014;4;biopic;musical;;;30DEC2016;01-janv-00
clint EASTWOOD;;;american sniper;american sniper;2014;4;biopic;drame;guerre;;30DEC2016;01-janv-00
colin TREVORROW;;;jurassic world;jurassic world;2015;3;action;aventure;science fiction;;30DEC2016;01-janv-00
dami√°n SZIFRON;;;relatos salvajes;les nouveaux sauvages;2014;4;comedie;drame;thriller;;30DEC2016;01-janv-00
damien CHAZELLE;;;whiplash;whiplash;2014;4;drame;musical;;;30DEC2016;01-janv-00
dan GILROY;;;nightcrawler;night call;2014;3;drame;thriller;;;30DEC2016;01-janv-00
daniel ESPINOSA;;;child 44;enfant 44;2015;3;thriller;;;;30DEC2016;01-janv-00
danny BOYLE;;;shallow grave;petits meurtres entre amis;1994;5;comedie;thriller;;;30DEC2016;01-janv-00
danny BOYLE;;;trainspotting;trainspotting;1996;5;drame;policier;;;30DEC2016;01-janv-00
danny BOYLE;;;pi;pi;1998;5;science fiction;thriller;;;30DEC2016;01-janv-00
danny BOYLE;;;the beach;la plage;2000;4;aventure;thriller;;;30DEC2016;01-janv-00
danny BOYLE;;;slumdog millionaire;slumdog millionaire;2009;5;comedie;comedie dramatique;romance;;30DEC2016;01-janv-00
danny BOYLE;;;trance;trance;2013;4;thriller;;;;30DEC2016;01-janv-00
danny BOYLE;;;steve jobs;steve jobs;2015;3;biopic;drame;;;30DEC2016;01-janv-00
darren ARONOFSKY;;;requiem for a dream;requiem for a dream;2000;5;drame;;;;30DEC2016;01-janv-00
darren ARONOFSKY;;;black swan;black swan;2011;4;drame;thriller;;;30DEC2016;01-janv-00
david AYER;;;end of watch;end of watch;2012;4;drame;thriller;;;30DEC2016;01-janv-00
david AYER;;;fury;fury;2014;3;action;drame;guerre;;30DEC2016;01-janv-00
david CRONENBERG;;;videodrome;videodrome;1983;3;drame;epouvante-horreur;fantastique;;30DEC2016;01-janv-00
david CRONENBERG;;;a history of violence;a history of violence;2005;3;thriller;;;;30DEC2016;01-janv-00
david CRONENBERG;;;eastern promises;les promesses de l'ombre;2007;4;thriller;;;;30DEC2016;01-janv-00
david DOBKIN;;;the judge;le juge;2014;3;drame;;;;30DEC2016;01-janv-00
david FINCHER;;;alien 3;alien 3;1992;3;fantastique;;;;30DEC2016;01-janv-00
david FINCHER;;;fight club;fight club;1999;5;drame;thriller;;;30DEC2016;01-janv-00
david FINCHER;;;zodiac;zodiac;2007;4;thriller;;;;30DEC2016;01-janv-00
david FINCHER;;;the social network;the social network;2010;3;drame;;;;30DEC2016;01-janv-00
david FRANKEL;;;one chance;un incroyable talent;2013;4;biopic;comedie;drame;;30DEC2016;01-janv-00
david GORDON GREEN;;;joe;joe;2013;3;drame;;;;30DEC2016;01-janv-00
david LYNCH;;;the elephant man;elephant man;1980;4;biopic;drame;;;30DEC2016;01-janv-00
david LYNCH;;;blue velvet;blue velvet;1987;2;drame;policier;thriller;;30DEC2016;01-janv-00
david o. RUSSELL;;;the fighter;fighter;2010;3;biopic;drame;;;30DEC2016;01-janv-00
david o. RUSSELL;;;silver linings playbook;happiness therapy;2012;4;comedie dramatique;;;;30DEC2016;01-janv-00
david YATES;;;harry potter and the halfblood prince;harry potter et le prince de sang-mele;2009;3;aventure;fantastique;;;30DEC2016;01-janv-00
david YATES;;;harry potter and the deathly hallows part 1;harry potter et les reliques de la mort [part 1];2010;3;aventure;fantastique;;;30DEC2016;01-janv-00
david YATES;;;harry potter and the deathly hallows part 2;harry potter et les reliques de la mort [part 2];2011;3;aventure;fantastique;;;30DEC2016;01-janv-00
denis VILLENEUVE;;;polytechnique;polytechnique;2009;3;drame;historique;;;30DEC2016;01-janv-00
denis VILLENEUVE;;;incendies;incendies;2011;3;drame;;;;30DEC2016;01-janv-00
denis VILLENEUVE;;;prisoners;prisoners;2013;4;thriller;;;;30DEC2016;01-janv-00
denis VILLENEUVE;;;enemy;enemy;2013;3;thriller;;;;30DEC2016;01-janv-00
denis VILLENEUVE;;;sicario;sicario;2015;4;policier;thriller;;;30DEC2016;01-janv-00
dennis GANSEL;;;die welle;la vague;2009;5;drame;;;;30DEC2016;01-janv-00
doug LIMAN;;;edge of tomorrow;edge of tomorrow;2014;4;action;science fiction;;;30DEC2016;01-janv-00
duncan JONES;;;moon;moon;2009;3;science fiction;thriller;;;30DEC2016;01-janv-00
duncan JONES;;;source code;source code;2011;4;action;science fiction;thriller;;30DEC2016;01-janv-00
giuseppe TORNATORE;;;nuovo cinema paradiso;cinema paradiso;1989;3;comedie dramatique;;;;27FEB2017;01-janv-00
edward ZWICK;;;glory;glory;1989;3;drame;guerre;historique;;30DEC2016;01-janv-00
edward ZWICK;;;legends of the fall;legendes d'automne;1994;4;guerre;romance;;;30DEC2016;01-janv-00
edward ZWICK;;;the last samurai;le dernier samourai;2003;4;guerre;historique;;;30DEC2016;01-janv-00
edward ZWICK;;;pawn sacrifice;le prodige;2015;4;biopic;drame;;;30DEC2016;01-janv-00
elia KAZAN;;;east of eden;a l'est d'eden;1955;2;drame;romance;;;30DEC2016;01-janv-00
emilio ESTEVEZ;;;the way;the way, la route ensemble;2010;2;aventure;comedie;drame;;30DEC2016;01-janv-00
emir KUSTURICA;;;arizona dream;arizona dream;1993;4;comedie dramatique;fantastique;;;30DEC2016;01-janv-00
emmanuelle BERCOT;;;la tete haute;la tete haute;2015;3;drame;;;;30DEC2016;01-janv-00
eric BRESS;j. mackye GRUBER;;the butterfly effect;l'effet papillon;2004;4;drame;fantastique;;;30DEC2016;01-janv-00
eric LARTIGAU;;;la famille belier;la famille belier;2014;3;comedie;;;;30DEC2016;01-janv-00
jean-paul RAPPENEAU;;;cyrano de bergerac;cyrano de bergerac;1990;4;comedie dramatique;historique;romance;;30DEC2016;01-janv-00
f. gary GRAY;;;nwa  straight outta compton;nwa : straight outta compton;2015;4;biopic;drame;musical;;30DEC2016;01-janv-00
felix VAN GROENINGEN;;;the broken circle breakdown;alabama monroe;2012;3;drame;;;;30DEC2016;01-janv-00
fernando MEIRELLES;;;cidade de deus;la cite de dieu;2002;5;drame;;;;30DEC2016;01-janv-00
francis ford COPPOLA;;;mario puzos the godfather part ii;le parrain 2;1974;3;drame;policier;;;30DEC2016;01-janv-00
francis ford COPPOLA;;;mario puzos the godfather part iii;le parrain 3;1990;3;drame;policier;;;30DEC2016;01-janv-00
francis ford COPPOLA;;;bram stokers dracula;dracula;1992;3;drame;epouvante-horreur;romance;;30DEC2016;01-janv-00
francis LAWRENCE;;;i am legend;je suis une legende;2007;3;science fiction;;;;30DEC2016;01-janv-00
francis LAWRENCE;;;the hunger games mockingjay  part 1;hunger games : la revolte partie 1;2014;3;action;drame;science fiction;;30DEC2016;01-janv-00
franklin j. SCHAFFNER;;;papillon;papillon;1973;4;aventure;biopic;drame;;30DEC2016;01-janv-00
gary FLEDER;;;homefront;homefront;2013;3;action;thriller;;;30DEC2016;01-janv-00
gary ROSS;;;hunger games;hunger games;2012;4;action;drame;science fiction;;30DEC2016;01-janv-00
gaspar NOE;;;irreversible;irreversible;2002;4;drame;thriller;;;30DEC2016;01-janv-00
gaspar NOE;;;enter the void;enter the void;2010;2;drame;fantastique;;;30DEC2016;01-janv-00
george CLOONEY;;;the ides of march;les marches du pouvoir;2011;3;drame;;;;30DEC2016;01-janv-00
george MILLER;;;mad max 2;mad max 2 : le defi;1981;4;action;science fiction;;;30DEC2016;01-janv-00
george MILLER;;;mad max fury road;mad max: fury road;2015;4;action;science fiction;;;30DEC2016;01-janv-00
jacques AUDIARD;;;dheepan;dheepan;2015;4;drame;;;;26FEB2016;01-janv-00
george TILLMAN JR;;;men of honor;les chemins de la dignite;2000;4;drame;;;;30DEC2016;01-janv-00
glenn FICARRA;john REQUA;;focus;diversion;2015;3;comedie;romance;thriller;;30DEC2016;01-janv-00
gregg ARAKI;;;white bird in a blizzard;white bird;2014;3;drame;thriller;;;30DEC2016;01-janv-00
gregory HOBLIT;;;fracture;la faille;2007;4;thriller;;;;30DEC2016;01-janv-00
guillaume CANET;;;ne le dis a personne;ne le dis a personne;2006;4;thriller;;;;30DEC2016;01-janv-00
gus VAN SANT;;;good will hunting;will hunting;1997;4;drame;;;;30DEC2016;01-janv-00
guy RITCHIE;;;lock stock and two smoking barrels;arnaques, crimes et botanique;1998;5;policier;;;;30DEC2016;01-janv-00
guy RITCHIE;;;sherlock holmes;sherlock holmes;2009;5;action;aventure;;;30DEC2016;01-janv-00
guy RITCHIE;;;the man from uncle;agents tres speciaux : code uncle;2015;4;action;comedie;espionnage;;30DEC2016;01-janv-00
harold RAMIS;;;groundhog day;un jour sans fin;1993;4;comedie;fantastique;romance;;30DEC2016;01-janv-00
hayao MIYAZAKI;;;porco rosso;porco rosso;1992;4;animation;;;;30DEC2016;01-janv-00
hayao MIYAZAKI;;;princesse mononoke;princesse mononoke;1997;5;animation;drame;fantastique;;30DEC2016;01-janv-00
hayao MIYAZAKI;;;le voyage de chihiro;le voyage de chihiro;2001;5;animation;aventure;fantastique;;30DEC2016;01-janv-00
daniel COSTELLE;isabelle CLARKE;;apocalypse hitler;apocalypse, hitler;2011;2;documentaire;historique;;;30DEC2016;01-janv-00
isao TAKAHATA;;;le conte de la princesse kaguya;le conte de la princesse kaguya;2013;3;animation;drame;fantastique;;30DEC2016;01-janv-00
ivan REITMAN;;;draft day;draft day;2014;3;drame;;;;30DEC2016;01-janv-00
j. c. CHANDOR;;;a most violent year;a most violent year;2014;4;drame;policier;thriller;;30DEC2016;01-janv-00
j. j. ABRAMS;;;star trek into darkness;star trek into darkness;2013;3;action;aventure;science fiction;;30DEC2016;01-janv-00
j. j. ABRAMS;;;star wars episode vii the force awakens;star wars vii _ le reveil de la force;2015;3;action;aventure;science fiction;;30DEC2016;01-janv-00
james WAN;;;furious7;fast and furious 7;2015;2;action;;;;25FEB2017;01-janv-00
jacques TATI;;;playtime;playtime;1967;1;comedie;;;;30DEC2016;01-janv-00
james CAMERON;;;aliens;aliens, le retour;1986;3;action;epouvante-horreur;fantastique;;30DEC2016;01-janv-00
james CAMERON;;;avatar;avatar;2009;3;aventure;science fiction;;;30DEC2016;01-janv-00
james GRAY;;;the immigrant;the immigrant;2013;3;drame;romance;;;30DEC2016;01-janv-00
james GUNN;;;guardians of the galaxy;les gardiens de la galaxie;2014;3;action;science fiction;;;30DEC2016;01-janv-00
james IVORY;;;the remains of the day;les vestiges du jour;1993;3;drame;romance;;;30DEC2016;01-janv-00
james KENT;;;testament of youth;memoires de jeunesse;2014;3;drame;historique;;;30DEC2016;01-janv-00
james MARSH;;;the theory of everything;une merveilleuse histoire du temps;2014;4;biopic;drame;;;30DEC2016;01-janv-00
jane CAMPION;;;the piano;la le√ßon de piano;1993;4;drame;romance;;;30DEC2016;01-janv-00
jang JOON-HWAN;;;hwayi: a monster boy;hwayi: a monster boy;2013;3;action;thriller;;;30DEC2016;01-janv-00
jason REITMAN;;;labor day;last days of summer;2013;4;drame;romance;;;30DEC2016;01-janv-00
jaume COLLET-SERRA;;;nonstop;non-stop;2014;4;thriller;;;;30DEC2016;01-janv-00
jean BECKER;;;deux jours a tuer;deux jours a tuer;2008;5;drame;romance;;;30DEC2016;01-janv-00
jean-jacques ANNAUD;;;der name der rose;le nom de la rose;1986;3;aventure;drame;thriller;;30DEC2016;01-janv-00
jean-jacques ANNAUD;;;seven years in tibet;sept ans au tibet;1997;3;aventure;biopic;drame;;30DEC2016;01-janv-00
jean-marc VALLEE;;;dallas buyers club;dallas buyers club;2013;4;biopic;drame;;;30DEC2016;01-janv-00
jean-marc VALLEE;;;wild;wild;2015;4;biopic;drame;;;30DEC2016;01-janv-00
jean-pierre JEUNET;;;alien resurrection;alien, la resurrection;1997;3;fantastique;;;;30DEC2016;01-janv-00
jean-pierre JEUNET;;;le fabuleux destin damelie poulain;le fabuleux destin d'amelie poulain;2001;5;comedie;;;;30DEC2016;01-janv-00
jean-pierre JEUNET;;;lextravagant voyage du jeune et prodigieux ts spivet;l'extravagant voyage du jeune et prodigieux t. s. spivet;2013;3;aventure;drame;famille;;30DEC2016;01-janv-00
jeff NICHOLS;;;take shelter;take shelter;2011;4;drame;;;;30DEC2016;01-janv-00
jeff NICHOLS;;;mud;mud - sur les rives du mississippi;2013;3;drame;;;;30DEC2016;01-janv-00
jeremiah s. CHECHIK;;;benny and joon;benny & joon;1993;4;comedie;romance;;;30DEC2016;01-janv-00
jerry ZUCKER;;;ghost;ghost;1990;2;drame;fantastique;romance;;30DEC2016;01-janv-00
jim JARMUSCH;;;down by law;down by law;1986;3;comedie dramatique;;;;30DEC2016;01-janv-00
jim JARMUSCH;;;ghost dog the way of the samurai;ghost dog: la voie du samourai;1999;4;drame;policier;thriller;;30DEC2016;01-janv-00
jim JARMUSCH;;;only lovers left alive;only lovers left alive;2013;2;drame;romance;;;30DEC2016;01-janv-00
jim SHERIDAN;;;brothers;brothers;2009;3;drame;;;;30DEC2016;01-janv-00
joann SFAR;;;gainsbourg, vie heroique;gainsbourg, vie heroique;2010;4;biopic;musical;;;30DEC2016;01-janv-00
joe JOHNSTON;;;jurassic park iii;jurassic park 3;2001;4;action;aventure;fantastique;;30DEC2016;01-janv-00
antoine FUQUA;;;southpaw;la rage au ventre;2015;3;drame;sport event;;;30DEC2016;01-janv-00
ethan COEN;joel COEN;;barton fink;barton fink;1991;3;comedie dramatique;thriller;;;30DEC2016;01-janv-00
ethan COEN;joel COEN;;the big lebowski;the big lebowski;1998;4;comedie;policier;;;30DEC2016;01-janv-00
ethan COEN;joel COEN;;no country for old men;no country for old men - non, ce pays n'est pas pour le vieil homme;2007;3;drame;thriller;;;30DEC2016;01-janv-00
joel SCHUMACHER;;;flatliners;l'experience interdite;1990;3;epouvante-horreur;science fiction;thriller;;30DEC2016;01-janv-00
joel SCHUMACHER;;;phone booth;phone game;2002;5;policier;thriller;;;30DEC2016;01-janv-00
john CARNEY;;;begin again;new york melody;2013;4;drame;musical;romance;;30DEC2016;01-janv-00
john CARPENTER;;;the thing;the thing;1982;5;epouvante-horreur;science fiction;thriller;;30DEC2016;01-janv-00
john g. AVILDSEN;;;rocky;rocky;1976;4;action;drame;;;30DEC2016;01-janv-00
john HILLCOAT;;;the road;la route;2009;3;drame;science fiction;;;30DEC2016;01-janv-00
john HUGHES;;;the breakfast club;the breakfast club;1985;4;comedie dramatique;;;;30DEC2016;01-janv-00
john lee HANCOCK;;;saving mr banks;dans l'ombre de mary: la promesse de walt disney;2013;2;biopic;comedie;drame;;30DEC2016;01-janv-00
john MCTIERNAN;;;predator;predator;1987;2;action;fantastique;;;30DEC2016;01-janv-00
john MCTIERNAN;;;the hunt for red october;a la poursuite d'octobre rouge;1990;2;action;aventure;;;30DEC2016;01-janv-00
john MCTIERNAN;;;die hard with a vengeance;une journee en enfer;1995;3;action;policier;thriller;;30DEC2016;01-janv-00
john MILIUS;;;conan the barbarian;conan le barbare;1982;2;aventure;fantastique;;;30DEC2016;01-janv-00
john SCHLESINGER;;;midnight cowboy;macadam cowboy;1969;3;comedie dramatique;drame;;;30DEC2016;01-janv-00
jon s. BAIRD;;;filth;ordure !;2013;4;comedie dramatique;policier;;;30DEC2016;01-janv-00
jonathan DAYTON;valerie FARIS;;little miss sunshine;little miss sunshine;2006;3;comedie;drame;;;30DEC2016;01-janv-00
jonathan DEMME;;;the silence of the lambs;le silence des agneaux;1991;5;epouvante-horreur;thriller;;;30DEC2016;01-janv-00
jonathan DEMME;;;philadelphia;philadelphia;1993;4;drame;;;;30DEC2016;01-janv-00
joseph KOSINSKI;;;oblivion;oblivion;2013;3;action;aventure;;;30DEC2016;01-janv-00
josh BOONE;;;the fault in our stars;nos etoiles contraires;2014;3;drame;romance;science fiction;;30DEC2016;01-janv-00
joshua michael STERN;;;jobs;jobs;2013;3;biopic;drame;;;30DEC2016;01-janv-00
joss WHEDON;;;avengers age of ultron;avengers: l'ere d'ultron;2015;2;action;aventure;;;30DEC2016;01-janv-00
juan antonio BAYONA;;;lo imposible;the impossible;2012;4;drame;;science fiction;;30DEC2016;01-janv-00
wes BALL;;;the maze runner;le labyrinthe;2014;4;action;aventure;policier;;30DEC2016;01-janv-00
kathryn BIGELOW;;;zero dark thirty;zero dark thirty;2012;3;action;thriller;;;30DEC2016;01-janv-00
kevin COSTNER;;;dances with wolves;danse avec les loups;1990;5;western;;;;30DEC2016;01-janv-00
julian SCHNABEL;;;le scaphandre et le papillon;le scaphandre et le papillon;2007;3;biopic;drame;;;30DEC2016;01-janv-00
kevin SPACEY;;;beyond the sea;beyond the sea;2004;3;biopic;drame;;;30DEC2016;01-janv-00
NULL;;;nous trois ou rien;nous trois ou rien;2015;3;comedie dramatique;;;;30DEC2016;01-janv-00
kim CHAPIRON;;;dog pound;dog pound;2010;3;drame;thriller;;;30DEC2016;01-janv-00
kim JEE-WOON;;;a bittersweet life;a bittersweet life;2005;4;action;drame;;;30DEC2016;01-janv-00
kim JEE-WOON;;;le bon la brute et le cingle;le bon, la brute et le cingle;2008;4;action;comedie;policier;;30DEC2016;01-janv-00
kim JEE-WOON;;;j'ai rencontre le diable;j'ai rencontre le diable;2010;4;drame;thriller;western;;30DEC2016;01-janv-00
kim SEONG-HOON;;;hard day;hard day;2014;3;policier;;;;30DEC2016;01-janv-00
marcel CARNE;;;les enfants du paradis;les enfants du paradis;1945;2;drame;romance;;;13FEB2017;01-janv-00
NULL;;;melancholia;melancholia;2011;3;drame;science fiction;;;30DEC2016;01-janv-00
len WISEMAN;;;live free or die hard;die hard 4 : retour en enfer;2007;3;action;policier;;;30DEC2016;01-janv-00
lindsay ANDERSON;;;if;if;1968;4;drame;;;;30DEC2016;01-janv-00
luc BESSON;;;leon;leon;1994;5;action;drame;;;30DEC2016;01-janv-00
marc FORSTER;;;finding neverland;neverland;2004;4;drame;famille;policier;;30DEC2016;01-janv-00
marc ROCCO;;;murder in the first;meurtre a alcatraz;1995;4;drame;thriller;fantastique;;30DEC2016;01-janv-00
marc WEBB;;;500 days of summer;(500) jours ensemble;2009;4;comedie;drame;;;30DEC2016;01-janv-00
alan j. PAKULA;;;all the presidents men;les hommes du president;1976;3;drame;policier;;;30DEC2016;01-janv-00
marie-castille MENTION SCHAAR;;;les heritiers;les heritiers;2014;4;comedie dramatique;;;;30DEC2016;01-janv-00
mark HERMAN;;;the boy in the striped pyjamas;le garcon au pyjama raye;2008;4;drame;;;;30DEC2016;01-janv-00
martin CAMPBELL;;;casino royale;casino royale;2006;4;action;espionnage;;;30DEC2016;01-janv-00
martin SCORSESE;;;raging bull;raging bull;1980;2;biopic;drame;thriller;;30DEC2016;01-janv-00
martin SCORSESE;;;the color of money;la couleur de l'argent;1986;4;drame;;;;30DEC2016;01-janv-00
martin SCORSESE;;;casino;casino;1995;2;drame;;;;30DEC2016;01-janv-00
martin SCORSESE;;;gangs of new york;gangs of new york;2002;3;action;drame;;;30DEC2016;01-janv-00
martin SCORSESE;;;shutter island;shutter island;2010;5;thriller;;historique;;30DEC2016;01-janv-00
mathieu KASSOVITZ;;;la haine;la haine;1995;2;drame;;;;30DEC2016;01-janv-00
matt REEVES;;;dawn of the planet of the apes;la planete des singes: l' affrontement;2014;2;action;science fiction;;;30DEC2016;01-janv-00
matthew ryan HOGE;;;the united states of leland;the united states of leland;2003;3;drame;;;;30DEC2016;01-janv-00
matthew WARCHUS;;;pride;pride;2014;4;comedie;drame;;;30DEC2016;01-janv-00
mel GIBSON;;;apocalypto;apocalypto;2006;4;action;aventure;;;30DEC2016;01-janv-00
michael SPIERIG;peter SPIERIG;;predestination;predestination;2014;3;science fiction;thriller;drame;;30DEC2016;01-janv-00
michael BAY;;;the rock;rock;1996;1;action;aventure;;;30DEC2016;01-janv-00
michael HANEKE;;;funny games;funny games;1997;4;drame;thriller;thriller;;30DEC2016;01-janv-00
michael MANN;;;manhunter;le sixieme sens;1986;3;drame;policier;;;30DEC2016;01-janv-00
michael MANN;;;the last of the mohicans;le dernier des mohicans;1992;1;action;aventure;thriller;;30DEC2016;01-janv-00
michael r. ROSKAM;;;the drop;quand vient la nuit;2014;3;drame;policier;romance;;30DEC2016;01-janv-00
michel HAZANAVICIUS;;;the search;the search;2014;4;drame;guerre;thriller;;30DEC2016;01-janv-00
mike CAHILL;;;i origins;i origins;2014;4;drame;science fiction;;;30DEC2016;01-janv-00
mike NICHOLS;;;closer;closer, entre adultes consentants;2004;3;drame;romance;;;30DEC2016;01-janv-00
mikkel NORGAARD;;;les enquetes du departement v misericorde;les enquetes du departement v: misericorde;2013;3;judiciaire;thriller;;;30DEC2016;01-janv-00
mikkel NORGAARD;;;les enquetes du departement v profanation;les enquetes du departement v: profanation;2014;3;thriller;;;;30DEC2016;01-janv-00
milo≈° FORMAN;;;amadeus;amadeus;1984;2;comedie dramatique;historique;;;30DEC2016;01-janv-00
morgan MATTHEWS;;;xy;le monde de nathan;2014;4;comedie;drame;;;30DEC2016;01-janv-00
morten TYLDUM;;;the imitation game;imitation game;2014;4;biopic;drame;;;30DEC2016;01-janv-00
na HONG-JIN;;;a yellow sea;the murderer;2010;3;thriller;;;;30DEC2016;01-janv-00
neil BURGER;;;limitless;limitless;2011;4;thriller;;;;30DEC2016;01-janv-00
neill BLOMKAMP;;;elysium;elysium;2013;3;action;science fiction;;;30DEC2016;01-janv-00
neill BLOMKAMP;;;chappie;chappie;2015;3;action;science fiction;thriller;;30DEC2016;01-janv-00
nick CASSAVETES;;;the notebook;n'oublie jamais;2004;5;drame;romance;;;30DEC2016;01-janv-00
nicolas winding REFN;;;pusher;pusher;1996;3;action;policier;;;30DEC2016;01-janv-00
nicolas winding REFN;;;pusher ii with blood on my hands;pusher 2: du sang sur les mains;2004;3;action;drame;thriller;;30DEC2016;01-janv-00
nicolas winding REFN;;;drive;drive;2011;3;action;thriller;thriller;;30DEC2016;01-janv-00
terry GILLIAM;;;12 monkeys;l'armee des douze singes;2015;5;drame;science fiction;;;30DEC2016;01-janv-00
oliver STONE;;;platoon;platoon;1986;3;action;drame;thriller;;30DEC2016;01-janv-00
oliver STONE;;;natural born killers;tueurs nes;1994;4;action;judiciaire;guerre;;30DEC2016;01-janv-00
paolo SORRENTINO;;;la giovinezza;youth;2015;4;comedie;drame;policier;;30DEC2016;01-janv-00
park CHAN-WOOK;;;old boy;old boy;2003;3;drame;thriller;;;30DEC2016;01-janv-00
alfred HITCHCOCK;;;the man who knew too much;l'homme qui en savait trop;1956;2;thriller;;;;30DEC2016;01-janv-00
paul GREENGRASS;;;captain phillips;capitaine phillips;2013;4;drame;thriller;;;30DEC2016;01-janv-00
paul GRIMAULT;;;le roi et loiseau;le roi et l'oiseau;1980;3;animation;;;;30DEC2016;01-janv-00
paul VERHOEVEN;;;total recall;total recall;1990;4;science fiction;;;;30DEC2016;01-janv-00
paul VERHOEVEN;;;basic instinct;basic instinct;1992;3;erotique;policier;;;30DEC2016;01-janv-00
penny MARSHALL;;;awakenings;l'eveil;1990;4;biopic;drame;thriller;;30DEC2016;01-janv-00
thomas VINTERBERG;;;far from the madding crowd;loin de la foule dechainee;2015;2;drame;historique;;;30DEC2016;01-janv-00
peter BERG;;;lone survivor;du sang et des larmes;2013;4;action;drame;;;30DEC2016;01-janv-00
peter JACKSON;;;the hobbit an unexpected journey;le hobbit: un voyage inattendu;2012;3;aventure;fantastique;guerre;;30DEC2016;01-janv-00
peter JACKSON;;;the hobbit the desolation of smaug;le hobbit: la desolation de smaug;2013;2;aventure;fantastique;;;30DEC2016;01-janv-00
peter JACKSON;;;the hobbit  the battle of the five armies;le hobbit†: la bataille des cinq armees;2014;3;action;aventure;;;30DEC2016;01-janv-00
peyton REED;;;antman;ant-man;2015;3;action;science fiction;fantastique;;30DEC2016;01-janv-00
pier paolo PASOLINI;;;salo ou les 120 journees de sodome;salo ou les 120 journees de sodome;1976;2;drame;historique;;;30DEC2016;01-janv-00
pierre MOREL;;;taken;taken;2008;3;action;thriller;;;30DEC2016;01-janv-00
quentin DUPIEUX;;;rubber;rubber;2010;2;comedie;epouvante-horreur;;;30DEC2016;01-janv-00
quentin DUPIEUX;;;realite;realite;2014;2;comedie;;;;30DEC2016;01-janv-00
quentin TARANTINO;;;reservoir dogs;reservoir dogs;1992;5;policier;thriller;;;30DEC2016;01-janv-00
quentin TARANTINO;;;pulp fiction;pulp fiction;1994;5;policier;thriller;;;30DEC2016;01-janv-00
quentin TARANTINO;;;kill bill vol 2;kill bill: volume 2;2004;4;action;thriller;;;30DEC2016;01-janv-00
quentin TARANTINO;;;death proof;boulevard de la mort;2007;3;comedie;drame;;;30DEC2016;01-janv-00
quentin TARANTINO;;;inglourious basterds;inglourious basterds;2009;4;action;guerre;thriller;;30DEC2016;01-janv-00
quentin TARANTINO;;;django unchained;django unchained;2012;4;western;;;;30DEC2016;01-janv-00
richard CURTIS;;;love actually;love actually;2003;3;comedie;romance;;;30DEC2016;01-janv-00
joe WRIGHT;;;pride  prejudice;orgueil et prejuges;2005;4;comedie;romance;;;23FEB2017;01-janv-00
renny HARLIN;;;die hard 2;58 minutes pour vivre;1990;3;action;thriller;;;30DEC2016;01-janv-00
rian JOHNSON;;;looper;looper;2012;4;action;science fiction;;;30DEC2016;01-janv-00
f. gary GRAY;;;law abiding citizen;que justice soit faite;2009;3;action;drame;thriller;;30DEC2016;01-janv-00
richard DONNER;;;lethal weapon;l'arme fatale;1987;4;action;comedie;;;30DEC2016;01-janv-00
richard DONNER;;;lethal weapon 2;l'arme fatale 2;1989;4;action;comedie;policier;;30DEC2016;01-janv-00
richard DONNER;;;lethal weapon 3;l'arme fatale 3;1992;4;action;comedie;policier;;30DEC2016;01-janv-00
richard DONNER;;;lethal weapon 4;l'arme fatale 4;1998;4;action;comedie;policier;;30DEC2016;01-janv-00
richard FLEISCHER;;;soylent green;soleil vert;1973;4;drame;science fiction;policier;;30DEC2016;01-janv-00
richard LINKLATER;;;boyhood;boyhood;2014;4;drame;;thriller;;30DEC2016;01-janv-00
ridley SCOTT;;;alien;alien, le huiti√®me passager;1979;3;epouvante-horreur;science fiction;;;30DEC2016;01-janv-00
ridley SCOTT;;;gladiator;gladiator;2000;3;action;aventure;comedie dramatique;;30DEC2016;01-janv-00
ridley SCOTT;;;black hawk down;la chute du faucon noir;2001;4;action;drame;drame;;30DEC2016;01-janv-00
ridley SCOTT;;;hannibal;hannibal;2001;3;epouvante-horreur;thriller;guerre;;30DEC2016;01-janv-00
ridley SCOTT;;;robin hood;robin des bois;2010;3;action;aventure;;;30DEC2016;01-janv-00
ridley SCOTT;;;the martian;seul sur mars;2015;4;science fiction;;;;30DEC2016;01-janv-00
rob MARSHALL;;;memoirs of a geisha;memoires d'une geisha;2005;3;drame;romance;;;30DEC2016;01-janv-00
rob REINER;;;misery;misery;1990;3;drame;thriller;;;30DEC2016;01-janv-00
robert REDFORD;;;a river runs through it;et au milieu coule une riviere;1992;3;biopic;drame;;;30DEC2016;01-janv-00
robert REDFORD;;;quiz show;quiz show;1994;3;drame;historique;;;30DEC2016;01-janv-00
edgar WRIGHT;;;scott pilgrim vs the word;scott pilgrim;2010;3;aventure;comedie;fantastique;;30DEC2016;01-janv-00
robert ZEMECKIS;;;forrest gump;forrest gump;1994;4;comedie dramatique;romance;;;30DEC2016;01-janv-00
robert ZEMECKIS;;;the walk;the walk : rever plus haut;2015;4;aventure;biopic;;;30DEC2016;01-janv-00
roland JOFFE;;;the mission;mission;1986;3;aventure;drame;drame;;30DEC2016;01-janv-00
roman POLANSKI;;;rosemarys baby;rosemary's baby;1968;2;drame;epouvante-horreur;;;30DEC2016;01-janv-00
ron HOWARD;;;in the heart of the sea;au coeur de l'ocean;2015;4;aventure;fantastique;;;30DEC2016;01-janv-00
ruben ALVES;;;la cage doree;la cage doree;2013;2;comedie;;;;30DEC2016;01-janv-00
ruben FLEISCHER;;;bienvenue a zombieland;bienvenue a zombieland;2009;3;comedie;epouvante-horreur;;;30DEC2016;01-janv-00
ruben FLEISCHER;;;gangster squad;gangster squad;2013;3;action;drame;;;30DEC2016;01-janv-00
russell CROWE;;;the water diviner;la promesse d'une vie;2014;3;drame;guerre;thriller;;30DEC2016;01-janv-00
ryan COOGLER;;;creed;creed : l'heritage de rocky balboa;2015;4;drame;;;;30DEC2016;01-janv-00
s. craig ZAHLER;;;bone tomahawk;bone tomahawk;2015;3;epouvante-horreur;western;;;30DEC2016;01-janv-00
sacha GERVASI;;;hitchcock;hitchcock;2012;4;biopic;;;;30DEC2016;01-janv-00
sam MENDES;;;american beauty;american beauty;2000;4;drame;;;;30DEC2016;01-janv-00
sam MENDES;;;road to perdition;les sentiers de la perdition;2002;3;drame;thriller;;;30DEC2016;01-janv-00
sam RAIMI;;;the evil dead;evil dead;1981;2;epouvante-horreur;thriller;;;30DEC2016;01-janv-00
samuel FULLER;;;the big red one;au-dela de la gloire;1980;3;drame;guerre;;;30DEC2016;01-janv-00
sarah GAVRON;;;suffragette;les suffragettes;2015;3;drame;historique;;;30DEC2016;01-janv-00
sean ELLIS;;;metro manila;metro manila;2013;3;drame;thriller;;;30DEC2016;01-janv-00
sergio LEONE;;;et pour quelques dollars de plus;et pour quelques dollars de plus;1965;4;action;western;;;30DEC2016;01-janv-00
sergio LEONE;;;cera una volta il west;il etait une fois dans l'ouest;1968;4;western;;;;30DEC2016;01-janv-00
sergio LEONE;;;il etait une fois la revolution;il etait une fois la revolution;1971;3;guerre;western;;;30DEC2016;01-janv-00
sergio LEONE;;;once upon a time in america;il etait une fois en amerique;1984;3;drame;policier;;;30DEC2016;01-janv-00
shane MEADOWS;;;this is england;this is england;2006;3;drame;;;;30DEC2016;01-janv-00
shim SUNG-BO;;;this is england;sea fog: les clandestins;2014;3;drame;;;;30DEC2016;01-janv-00
sidney LUMET;;;12 angry men;12 hommes en colere;1957;3;drame;;;;30DEC2016;01-janv-00
sofia COPPOLA;;;lost in translation;lost in translation;2003;4;comedie dramatique;romance;;;30DEC2016;01-janv-00
spike JONZE;;;her;her;2013;3;drame;romance;;;30DEC2016;01-janv-00
spike LEE;;;25th hour;la 25e heure;2002;3;drame;;science fiction;;30DEC2016;01-janv-00
randall WALLACE;;;secretariat;secretariat;2010;3;drame;;;;30DEC2016;01-janv-00
stanley KUBRICK;;;strangelove or how i learned to stop worrying and love the bomb;docteur folamour ou : comment j'ai appris a ne plus m'en faire et a aimer la bombe;1964;3;comedie;guerre;historique;;30DEC2016;01-janv-00
stanley KUBRICK;;;a clockwork orange;orange mecanique;1971;5;drame;policier;;;30DEC2016;01-janv-00
stanley KUBRICK;;;spartacus;spartacus;1960;1;biopic;guerre;;;30DEC2016;01-janv-00
paul FEIG;;;spy;spy;2015;1;action;comedie;;;18FEB2017;01-janv-00
stephen CHBOSKY;;;the perks of being a wallflower;le monde de charlie;2012;3;comedie dramatique;romance;;;30DEC2016;01-janv-00
stephen DALDRY;;;trash;favelas;2014;3;aventure;comedie;;;30DEC2016;01-janv-00
stephen FREARS;;;philomena;philomena;2013;4;drame;;drame;;30DEC2016;01-janv-00
steve MCQUEEN;;;shame;shame;2011;3;drame;;;;30DEC2016;01-janv-00
steven SODERBERGH;;;oceans eleven;ocean's eleven;2001;4;judiciaire;thriller;;;30DEC2016;01-janv-00
steven SPIELBERG;;;duel;duel;1971;5;drame;thriller;;;30DEC2016;01-janv-00
steven SPIELBERG;;;schindlers list;la liste de schindler;1993;5;biopic;drame;;;30DEC2016;01-janv-00
steven SPIELBERG;;;jurassic park;jurassic park;1993;3;aventure;science fiction;guerre;;30DEC2016;01-janv-00
steven SPIELBERG;;;catch me if you can;arrete-moi si tu peux;2002;5;comedie;drame;;;30DEC2016;01-janv-00
steven SPIELBERG;;;the terminal;the terminal;2004;4;comedie;drame;thriller;;30DEC2016;01-janv-00
steven SPIELBERG;;;war horse;cheval de guerre;2011;4;drame;guerre;;;30DEC2016;01-janv-00
steven SPIELBERG;;;bridge of spies;le pont des espions;2015;3;thriller;;historique;;30DEC2016;01-janv-00
sydney POLLACK;;;jeremiah johnson;jeremiah johnson;1972;4;aventure;drame;;;30DEC2016;01-janv-00
sydney POLLACK;;;three days of the condor;les trois jours du condor;1975;2;espionnage;thriller;western;;30DEC2016;01-janv-00
sylvester STALLONE;;;rocky ii;rocky 2 : la revanche;1979;3;action;drame;;;30DEC2016;01-janv-00
sylvester STALLONE;;;rocky iii;rocky 3 : l'oeil du tigre;1982;3;action;drame;;;30DEC2016;01-janv-00
tate TAYLOR;;;get on up;get on up;2014;4;biopic;drame;;;30DEC2016;01-janv-00
alfred HITCHCOCK;;;vertigo;sueurs froides;1958;3;drame;romance;thriller;;04-mars-17;01-janv-00
terry GEORGE;;;hotel rwanda;hotel rwanda;2004;4;drame;guerre;;;30DEC2016;01-janv-00
terry GILLIAM;terry JONES;;monty python and the holy grail;monty python : sacre graal !;1975;2;aventure;comedie;historique;;30DEC2016;01-janv-00
terry JONES;;;monty pythons the meaning of life;monty python : le sens de la vie;1983;2;comedie;musical;fantastique;;30DEC2016;01-janv-00
theodore MELFI;;;st vincent;st. vincent;2014;3;comedie;;;;30DEC2016;01-janv-00
thomas MCCARTHY;;;the visitor;the visitor;2007;3;drame;musical;;;30DEC2016;01-janv-00
thomas VINTERBERG;;;jagten;la chasse;2012;3;drame;;romance;;30DEC2016;01-janv-00
tim BURTON;;;beetlejuice;beetlejuice;1988;3;comedie;fantastique;romance;;30DEC2016;01-janv-00
tim BURTON;;;batman returns;batman le defi;1992;3;action;aventure;;;30DEC2016;01-janv-00
tim BURTON;;;ed wood;ed wood;1994;3;biopic;comedie dramatique;fantastique;;30DEC2016;01-janv-00
tim BURTON;;;sleepy hollow;sleepy hollow: la legende du cavalier sans tete;1999;4;epouvante-horreur;fantastique;fantastique;;30DEC2016;01-janv-00
tim BURTON;;;alice in wonderland;alice au pays des merveilles;2010;3;aventure;famille;thriller;;30DEC2016;01-janv-00
tim BURTON;;;big eyes;big eyes;2014;3;biopic;comedie;fantastique;;30DEC2016;01-janv-00
tim MILLER;;;deadpool;deadpool;2016;4;action;aventure;drame;;30DEC2016;01-janv-00
tom MCCARTHY;;;spotlight;spotlight;2015;3;drame;thriller;comedie;;30DEC2016;01-janv-00
tommy O'HAVER;;;an american crime;an american crime;2007;4;drame;;;;30DEC2016;01-janv-00
james CAMERON;;;terminator 2 judgment day;terminator 2 : le jugement dernier;1991;4;action;science fiction;thriller;;30DEC2016;01-janv-00
tony KAYE;;;american history x;american history x;1998;5;drame;;thriller;;30DEC2016;01-janv-00
tony SCOTT;;;top gun;top gun;1986;3;action;drame;;;30DEC2016;01-janv-00
tony SCOTT;;;man on fire;man on fire;2004;3;thriller;;romance;;30DEC2016;01-janv-00
terrence MALICK;;;the tree of life;the tree of life;2011;2;drame;fantastique;musical;;17FEB2017;01-janv-00
vincent GARENQ;;;lenquete;l'enquete;2015;3;thriller;;romance;;30DEC2016;01-janv-00
vincent GRASHAW;;;coldwater;coldwater;2014;3;drame;thriller;;;30DEC2016;01-janv-00
walter SALLES;;;diarios de motocicleta;carnets de voyage;2004;5;drame;historique;;;30DEC2016;01-janv-00
richard GLATZER;wash WESTMORELAND;;still alice;still alice;2014;3;drame;;;;30DEC2016;01-janv-00
wes ANDERSON;;;moonrise kingdom;moonrise kingdom;2012;3;comedie;drame;;;30DEC2016;01-janv-00
wes ANDERSON;;;the grand budapest hotel;the grand budapest hotel;2014;3;comedie;drame;;;30DEC2016;01-janv-00
radu MIHAILEANU;;;va vis et deviens;va, vis et deviens;2005;2;drame;;;;30DEC2016;01-janv-00
wes BALL;;;the maze runner;le labyrinthe;2014;4;action;aventure;science fiction;;30DEC2016;01-janv-00
wes BALL;;;maze runner the scorch trials;le labyrinthe : la terre brulee;2015;2;action;aventure;science fiction;;30DEC2016;01-janv-00
wes CRAVEN;;;a nightmare on elm street;les griffes de la nuit;1984;2;epouvante-horreur;fantastique;science fiction;;30DEC2016;01-janv-00
woody ALLEN;;;annie hall;annie hall;1977;2;comedie dramatique;romance;thriller;;30DEC2016;01-janv-00
woody ALLEN;;;match point;match point;2005;3;action;drame;;;30DEC2016;01-janv-00
xavier DOLAN;;;tom a la ferme;tom a la ferme;2013;2;thriller;;policier;;30DEC2016;01-janv-00
yann GOZLAN;;;un homme ideal;un homme ideal;2015;3;thriller;;;;30DEC2016;01-janv-00
zach BRAFF;;;garden state;garden state;2004;3;drame;;;;30DEC2016;01-janv-00
zhang YIMOU;;;hwayi a monster boy;hwayi: a monster boy;2011;3;drame;guerre;;;30DEC2016;01-janv-00
justin LIN;;;star trek beyond;star trek : sans limites;2016;3;action;aventure;;;30DEC2016;01-janv-00
jean-marc VALLEE;;;demolition;demolition;2015;5;drame;;science fiction;;30DEC2016;01-janv-00
jean-jacques ANNAUD;;;le dernier loup;le dernier loup;2015;4;aventure;drame;;;30DEC2016;01-janv-00
alfred HITCHCOCK;;;the man who knew too much;l'homme qui en savait trop;1956;2;thriller;;;;30DEC2016;01-janv-00
shane BLACK;;;the nice guys;the nice guys;2016;3;comedie;policier;;;30DEC2016;01-janv-00
